-- STATIONS (21 already defined, keeping all)
INSERT OR IGNORE INTO stations (id, name, city) VALUES
    (1,  'Kraków Główny',       'Kraków'),
    (2,  'Katowice',            'Katowice'),
    (3,  'Wrocław Główny',      'Wrocław'),
    (4,  'Warszawa Centralna',  'Warszawa'),
    (5,  'Gdańsk Główny',       'Gdańsk'),
    (6,  'Opole Główne',        'Opole'),
    (7,  'Łódź Fabryczna',      'Łódź'),
    (8,  'Poznań Główny',       'Poznań'),
    (9,  'Lublin Główny',       'Lublin'),
    (10, 'Rzeszów Główny',      'Rzeszów'),
    (11, 'Szczecin Główny',     'Szczecin'),
    (12, 'Bydgoszcz Główna',    'Bydgoszcz'),
    (13, 'Częstochowa',         'Częstochowa'),
    (14, 'Radom',               'Radom'),
    (15, 'Gliwice',             'Gliwice'),
    (16, 'Białystok',           'Białystok'),
    (17, 'Gdynia Główna',       'Gdynia'),
    (18, 'Ustka',               'Ustka'),
    (19, 'Zakopane',            'Zakopane'),
    (20, 'Kołobrzeg',           'Kołobrzeg'),
    (21, 'Świnoujście',         'Świnoujście');

-- ROUTES (50 total)
INSERT OR IGNORE INTO routes (id, name, distance_km) VALUES
    -- Existing
    (1,  'Kraków - Wrocław',            280),
    (2,  'Wrocław - Kraków',            280),
    (3,  'Warszawa - Gdańsk',           340),
    (4,  'Gdańsk - Warszawa',           340),
    (5,  'Warszawa - Kraków',           295),
    (6,  'Kraków - Warszawa',           295),
    (7,  'Warszawa - Poznań',           310),
    (8,  'Poznań - Warszawa',           310),
    (9,  'Kraków - Rzeszów',            170),
    (10, 'Rzeszów - Kraków',            170),
    (11, 'Warszawa - Białystok',        195),
    (12, 'Białystok - Warszawa',        195),
    (13, 'Gdańsk - Szczecin',           330),
    (14, 'Szczecin - Gdańsk',           330),
    (15, 'Kraków - Zakopane',            90),
    (16, 'Zakopane - Kraków',            90),
    (17, 'Warszawa - Lublin',           170),
    (18, 'Lublin - Warszawa',           170),
    -- New
    (19, 'Warszawa - Wrocław',          350),
    (20, 'Wrocław - Warszawa',          350),
    (21, 'Poznań - Wrocław',            180),
    (22, 'Wrocław - Poznań',            180),
    (23, 'Katowice - Warszawa',         300),
    (24, 'Warszawa - Katowice',         300),
    (25, 'Kraków - Gdańsk',             530),
    (26, 'Gdańsk - Kraków',             530),
    (27, 'Poznań - Gdańsk',             300),
    (28, 'Gdańsk - Poznań',             300),
    (29, 'Wrocław - Szczecin',          330),
    (30, 'Szczecin - Wrocław',          330),
    (31, 'Katowice - Wrocław',          160),
    (32, 'Wrocław - Katowice',          160),
    (33, 'Warszawa - Częstochowa',      220),
    (34, 'Częstochowa - Warszawa',      220),
    (35, 'Kraków - Lublin',             260),
    (36, 'Lublin - Kraków',             260),
    (37, 'Gdańsk - Białystok',          330),
    (38, 'Białystok - Gdańsk',          330),
    (39, 'Poznań - Szczecin',           240),
    (40, 'Szczecin - Poznań',           240),
    (41, 'Rzeszów - Warszawa',          340),
    (42, 'Warszawa - Rzeszów',          340),
    (43, 'Kraków - Katowice',            80),
    (44, 'Katowice - Kraków',            80),
    (45, 'Gdynia - Warszawa',           360),
    (46, 'Warszawa - Gdynia',           360),
    (47, 'Wrocław - Łódź',              210),
    (48, 'Łódź - Wrocław',              210),
    (49, 'Poznań - Bydgoszcz',           90),
    (50, 'Bydgoszcz - Poznań',           90);

-- ROUTE STOPS
INSERT OR IGNORE INTO route_stops (id, route_id, station_id, stop_number, arrival_time, departure_time) VALUES
    -- 1: Kraków - Wrocław (Katowice, Opole)
    (1,   1,  1,  1, NULL,    '08:00'),
    (2,   1,  2,  2, '08:45', '08:50'),
    (3,   1,  6,  3, '09:40', '09:45'),
    (4,   1,  3,  4, '10:30', NULL),
    -- 2: Wrocław - Kraków (Opole, Katowice)
    (5,   2,  3,  1, NULL,    '11:00'),
    (6,   2,  6,  2, '11:45', '11:50'),
    (7,   2,  2,  3, '12:40', '12:45'),
    (8,   2,  1,  4, '13:30', NULL),
    -- 3: Warszawa - Gdańsk (Bydgoszcz, Gdynia)
    (9,   3,  4,  1, NULL,    '07:00'),
    (10,  3,  12, 2, '09:00', '09:05'),
    (11,  3,  17, 3, '09:50', '09:55'),
    (12,  3,  5,  4, '10:10', NULL),
    -- 4: Gdańsk - Warszawa (Gdynia, Bydgoszcz)
    (13,  4,  5,  1, NULL,    '12:00'),
    (14,  4,  17, 2, '12:15', '12:20'),
    (15,  4,  12, 3, '13:05', '13:10'),
    (16,  4,  4,  4, '15:10', NULL),
    -- 5: Warszawa - Kraków (Radom, Częstochowa)
    (17,  5,  4,  1, NULL,    '06:30'),
    (18,  5,  14, 2, '07:30', '07:35'),
    (19,  5,  13, 3, '08:30', '08:35'),
    (20,  5,  1,  4, '09:30', NULL),
    -- 6: Kraków - Warszawa (Częstochowa, Radom)
    (21,  6,  1,  1, NULL,    '10:00'),
    (22,  6,  13, 2, '11:00', '11:05'),
    (23,  6,  14, 3, '12:05', '12:10'),
    (24,  6,  4,  4, '13:10', NULL),
    -- 7: Warszawa - Poznań (Łódź)
    (25,  7,  4,  1, NULL,    '08:00'),
    (26,  7,  7,  2, '09:10', '09:15'),
    (27,  7,  8,  3, '10:50', NULL),
    -- 8: Poznań - Warszawa (Łódź)
    (28,  8,  8,  1, NULL,    '11:30'),
    (29,  8,  7,  2, '13:05', '13:10'),
    (30,  8,  4,  3, '14:20', NULL),
    -- 9: Kraków - Rzeszów
    (31,  9,  1,  1, NULL,    '07:00'),
    (32,  9,  10, 2, '08:50', NULL),
    -- 10: Rzeszów - Kraków
    (33,  10, 10, 1, NULL,    '09:30'),
    (34,  10, 1,  2, '11:20', NULL),
    -- 11: Warszawa - Białystok
    (35,  11, 4,  1, NULL,    '09:00'),
    (36,  11, 16, 2, '11:10', NULL),
    -- 12: Białystok - Warszawa
    (37,  12, 16, 1, NULL,    '13:00'),
    (38,  12, 4,  2, '15:10', NULL),
    -- 13: Gdańsk - Szczecin (Gdynia, Kołobrzeg)
    (39,  13, 5,  1, NULL,    '08:00'),
    (40,  13, 17, 2, '08:15', '08:20'),
    (41,  13, 20, 3, '10:00', '10:05'),
    (42,  13, 11, 4, '11:30', NULL),
    -- 14: Szczecin - Gdańsk (Kołobrzeg, Gdynia)
    (43,  14, 11, 1, NULL,    '12:00'),
    (44,  14, 20, 2, '13:30', '13:35'),
    (45,  14, 17, 3, '15:15', '15:20'),
    (46,  14, 5,  4, '15:35', NULL),
    -- 15: Kraków - Zakopane
    (47,  15, 1,  1, NULL,    '07:30'),
    (48,  15, 19, 2, '09:00', NULL),
    -- 16: Zakopane - Kraków
    (49,  16, 19, 1, NULL,    '10:00'),
    (50,  16, 1,  2, '11:30', NULL),
    -- 17: Warszawa - Lublin
    (51,  17, 4,  1, NULL,    '08:30'),
    (52,  17, 9,  2, '10:20', NULL),
    -- 18: Lublin - Warszawa
    (53,  18, 9,  1, NULL,    '11:00'),
    (54,  18, 4,  2, '12:50', NULL),
    -- 19: Warszawa - Wrocław (Łódź, Częstochowa, Opole) -- wspólny fragment z trasą 7 i 1
    (55,  19, 4,  1, NULL,    '07:30'),
    (56,  19, 7,  2, '08:40', '08:45'),
    (57,  19, 13, 3, '09:45', '09:50'),
    (58,  19, 6,  4, '10:50', '10:55'),
    (59,  19, 3,  5, '11:40', NULL),
    -- 20: Wrocław - Warszawa (Opole, Częstochowa, Łódź)
    (60,  20, 3,  1, NULL,    '12:00'),
    (61,  20, 6,  2, '12:50', '12:55'),
    (62,  20, 13, 3, '13:45', '13:50'),
    (63,  20, 7,  4, '14:50', '14:55'),
    (64,  20, 4,  5, '16:05', NULL),
    -- 21: Poznań - Wrocław (przez Wrocław bezpośrednio)
    (65,  21, 8,  1, NULL,    '09:00'),
    (66,  21, 3,  2, '10:50', NULL),
    -- 22: Wrocław - Poznań
    (67,  22, 3,  1, NULL,    '13:00'),
    (68,  22, 8,  2, '14:50', NULL),
    -- 23: Katowice - Warszawa (Częstochowa, Radom) -- wspólny fragment z trasą 5
    (69,  23, 2,  1, NULL,    '06:00'),
    (70,  23, 13, 2, '06:55', '07:00'),
    (71,  23, 14, 3, '08:00', '08:05'),
    (72,  23, 4,  4, '09:05', NULL),
    -- 24: Warszawa - Katowice (Radom, Częstochowa)
    (73,  24, 4,  1, NULL,    '13:00'),
    (74,  24, 14, 2, '14:00', '14:05'),
    (75,  24, 13, 3, '15:05', '15:10'),
    (76,  24, 2,  4, '16:05', NULL),
    -- 25: Kraków - Gdańsk (Częstochowa, Łódź, Bydgoszcz, Gdynia) -- wspólny fragment z 3,5,7
    (77,  25, 1,  1, NULL,    '05:30'),
    (78,  25, 13, 2, '06:30', '06:35'),
    (79,  25, 7,  3, '07:35', '07:40'),
    (80,  25, 12, 4, '09:20', '09:25'),
    (81,  25, 17, 5, '10:10', '10:15'),
    (82,  25, 5,  6, '10:30', NULL),
    -- 26: Gdańsk - Kraków (Gdynia, Bydgoszcz, Łódź, Częstochowa)
    (83,  26, 5,  1, NULL,    '06:00'),
    (84,  26, 17, 2, '06:15', '06:20'),
    (85,  26, 12, 3, '07:05', '07:10'),
    (86,  26, 7,  4, '08:55', '09:00'),
    (87,  26, 13, 5, '10:00', '10:05'),
    (88,  26, 1,  6, '11:05', NULL),
    -- 27: Poznań - Gdańsk (Bydgoszcz, Gdynia) -- wspólny fragment z 3
    (89,  27, 8,  1, NULL,    '07:00'),
    (90,  27, 12, 2, '08:00', '08:05'),
    (91,  27, 17, 3, '08:50', '08:55'),
    (92,  27, 5,  4, '09:10', NULL),
    -- 28: Gdańsk - Poznań (Gdynia, Bydgoszcz)
    (93,  28, 5,  1, NULL,    '14:00'),
    (94,  28, 17, 2, '14:15', '14:20'),
    (95,  28, 12, 3, '15:05', '15:10'),
    (96,  28, 8,  4, '16:10', NULL),
    -- 29: Wrocław - Szczecin (Poznań)
    (97,  29, 3,  1, NULL,    '08:00'),
    (98,  29, 8,  2, '09:50', '09:55'),
    (99,  29, 11, 3, '12:05', NULL),
    -- 30: Szczecin - Wrocław (Poznań)
    (100, 30, 11, 1, NULL,    '13:00'),
    (101, 30, 8,  2, '15:10', '15:15'),
    (102, 30, 3,  3, '17:05', NULL),
    -- 31: Katowice - Wrocław (Gliwice, Opole)
    (103, 31, 2,  1, NULL,    '07:00'),
    (104, 31, 15, 2, '07:20', '07:25'),
    (105, 31, 6,  3, '08:15', '08:20'),
    (106, 31, 3,  4, '09:05', NULL),
    -- 32: Wrocław - Katowice (Opole, Gliwice)
    (107, 32, 3,  1, NULL,    '14:00'),
    (108, 32, 6,  2, '14:50', '14:55'),
    (109, 32, 15, 3, '15:45', '15:50'),
    (110, 32, 2,  4, '16:10', NULL),
    -- 33: Warszawa - Częstochowa (Radom)
    (111, 33, 4,  1, NULL,    '10:00'),
    (112, 33, 14, 2, '11:00', '11:05'),
    (113, 33, 13, 3, '12:05', NULL),
    -- 34: Częstochowa - Warszawa (Radom)
    (114, 34, 13, 1, NULL,    '13:00'),
    (115, 34, 14, 2, '14:00', '14:05'),
    (116, 34, 4,  3, '15:05', NULL),
    -- 35: Kraków - Lublin (Rzeszów) -- wspólny fragment z 9
    (117, 35, 1,  1, NULL,    '07:00'),
    (118, 35, 10, 2, '08:50', '08:55'),
    (119, 35, 9,  3, '10:30', NULL),
    -- 36: Lublin - Kraków (Rzeszów)
    (120, 36, 9,  1, NULL,    '11:30'),
    (121, 36, 10, 2, '13:05', '13:10'),
    (122, 36, 1,  3, '15:00', NULL),
    -- 37: Gdańsk - Białystok (Gdynia, Bydgoszcz, Warszawa) -- wspólny fragment z 4,12
    (123, 37, 5,  1, NULL,    '06:00'),
    (124, 37, 17, 2, '06:15', '06:20'),
    (125, 37, 12, 3, '07:05', '07:10'),
    (126, 37, 4,  4, '09:10', '09:20'),
    (127, 37, 16, 5, '11:30', NULL),
    -- 38: Białystok - Gdańsk (Warszawa, Bydgoszcz, Gdynia)
    (128, 38, 16, 1, NULL,    '07:00'),
    (129, 38, 4,  2, '09:10', '09:20'),
    (130, 38, 12, 3, '11:20', '11:25'),
    (131, 38, 17, 4, '12:10', '12:15'),
    (132, 38, 5,  5, '12:30', NULL),
    -- 39: Poznań - Szczecin
    (133, 39, 8,  1, NULL,    '09:30'),
    (134, 39, 11, 2, '11:50', NULL),
    -- 40: Szczecin - Poznań
    (135, 40, 11, 1, NULL,    '14:00'),
    (136, 40, 8,  2, '16:20', NULL),
    -- 41: Rzeszów - Warszawa (Lublin) -- wspólny fragment z 18
    (137, 41, 10, 1, NULL,    '06:00'),
    (138, 41, 9,  2, '07:40', '07:45'),
    (139, 41, 4,  3, '09:35', NULL),
    -- 42: Warszawa - Rzeszów (Lublin)
    (140, 42, 4,  1, NULL,    '14:00'),
    (141, 42, 9,  2, '15:50', '15:55'),
    (142, 42, 10, 3, '17:35', NULL),
    -- 43: Kraków - Katowice
    (143, 43, 1,  1, NULL,    '06:00'),
    (144, 43, 2,  2, '06:45', NULL),
    -- 44: Katowice - Kraków
    (145, 44, 2,  1, NULL,    '17:00'),
    (146, 44, 1,  2, '17:45', NULL),
    -- 45: Gdynia - Warszawa (Gdańsk, Bydgoszcz) -- wspólny fragment z 4
    (147, 45, 17, 1, NULL,    '08:00'),
    (148, 45, 5,  2, '08:15', '08:20'),
    (149, 45, 12, 3, '09:10', '09:15'),
    (150, 45, 4,  4, '11:15', NULL),
    -- 46: Warszawa - Gdynia (Bydgoszcz, Gdańsk) -- wspólny fragment z 3
    (151, 46, 4,  1, NULL,    '15:00'),
    (152, 46, 12, 2, '17:00', '17:05'),
    (153, 46, 5,  3, '17:55', '18:00'),
    (154, 46, 17, 4, '18:15', NULL),
    -- 47: Wrocław - Łódź (Częstochowa) -- wspólny fragment z 19,20
    (155, 47, 3,  1, NULL,    '09:00'),
    (156, 47, 6,  2, '09:50', '09:55'),
    (157, 47, 13, 3, '10:55', '11:00'),
    (158, 47, 7,  4, '12:00', NULL),
    -- 48: Łódź - Wrocław (Częstochowa, Opole)
    (159, 48, 7,  1, NULL,    '13:00'),
    (160, 48, 13, 2, '14:00', '14:05'),
    (161, 48, 6,  3, '15:05', '15:10'),
    (162, 48, 3,  4, '16:00', NULL),
    -- 49: Poznań - Bydgoszcz
    (163, 49, 8,  1, NULL,    '07:00'),
    (164, 49, 12, 2, '07:55', NULL),
    -- 50: Bydgoszcz - Poznań
    (165, 50, 12, 1, NULL,    '16:00'),
    (166, 50, 8,  2, '16:55', NULL);

-- TRAINS (10)
INSERT OR IGNORE INTO trains (id, name, type) VALUES
    (1,  'IC 1234',  'IC'),
    (2,  'IC 5678',  'IC'),
    (3,  'EIP 101',  'EIP'),
    (4,  'EIP 202',  'EIP'),
    (5,  'IC 3344',  'IC'),
    (6,  'IC 7890',  'IC'),
    (7,  'TLK 501',  'TLK'),
    (8,  'TLK 502',  'TLK'),
    (9,  'IC 4411',  'IC'),
    (10, 'TLK 303',  'TLK');

-- WAGONS
INSERT OR IGNORE INTO wagons (id, train_id, wagon_number, class, seat_count) VALUES
    (1,  1, 1, 2, 60), (2,  1, 2, 1, 30),
    (3,  2, 1, 2, 60), (4,  2, 2, 2, 60),
    (5,  3, 1, 1, 45), (6,  3, 2, 1, 45),
    (7,  4, 1, 1, 45), (8,  4, 2, 1, 45), (9,  4, 3, 1, 45),
    (10, 5, 1, 2, 60), (11, 5, 2, 2, 60), (12, 5, 3, 1, 30),
    (13, 6, 1, 2, 60), (14, 6, 2, 1, 30),
    (15, 7, 1, 2, 80), (16, 7, 2, 2, 80),
    (17, 8, 1, 2, 80), (18, 8, 2, 2, 80),
    (19, 9, 1, 2, 60), (20, 9, 2, 1, 30),
    (21, 10, 1, 2, 80), (22, 10, 2, 2, 80);

-- SCHEDULES (50 routes x ~1 departure)
INSERT OR IGNORE INTO schedules (id, route_id, train_id, departure_date, departure_time) VALUES
    (1,  1,  1,  '2025-08-01', '08:00'),
    (2,  2,  2,  '2025-08-01', '11:00'),
    (3,  3,  3,  '2025-08-01', '07:00'),
    (4,  4,  4,  '2025-08-01', '12:00'),
    (5,  5,  5,  '2025-08-01', '06:30'),
    (6,  6,  6,  '2025-08-01', '10:00'),
    (7,  7,  7,  '2025-08-01', '08:00'),
    (8,  8,  8,  '2025-08-01', '11:30'),
    (9,  9,  9,  '2025-08-01', '07:00'),
    (10, 10, 9,  '2025-08-01', '09:30'),
    (11, 11, 10, '2025-08-01', '09:00'),
    (12, 12, 10, '2025-08-01', '13:00'),
    (13, 13, 7,  '2025-08-01', '08:00'),
    (14, 14, 8,  '2025-08-01', '12:00'),
    (15, 15, 1,  '2025-08-01', '07:30'),
    (16, 16, 1,  '2025-08-01', '10:00'),
    (17, 17, 5,  '2025-08-01', '08:30'),
    (18, 18, 6,  '2025-08-01', '11:00'),
    (19, 19, 3,  '2025-08-02', '07:30'),
    (20, 20, 4,  '2025-08-02', '12:00'),
    (21, 21, 6,  '2025-08-02', '09:00'),
    (22, 22, 5,  '2025-08-02', '13:00'),
    (23, 23, 7,  '2025-08-02', '06:00'),
    (24, 24, 8,  '2025-08-02', '13:00'),
    (25, 25, 3,  '2025-08-02', '05:30'),
    (26, 26, 4,  '2025-08-02', '06:00'),
    (27, 27, 9,  '2025-08-02', '07:00'),
    (28, 28, 10, '2025-08-02', '14:00'),
    (29, 29, 5,  '2025-08-02', '08:00'),
    (30, 30, 6,  '2025-08-02', '13:00'),
    (31, 31, 1,  '2025-08-02', '07:00'),
    (32, 32, 2,  '2025-08-02', '14:00'),
    (33, 33, 7,  '2025-08-03', '10:00'),
    (34, 34, 8,  '2025-08-03', '13:00'),
    (35, 35, 9,  '2025-08-03', '07:00'),
    (36, 36, 10, '2025-08-03', '11:30'),
    (37, 37, 3,  '2025-08-03', '06:00'),
    (38, 38, 4,  '2025-08-03', '07:00'),
    (39, 39, 5,  '2025-08-03', '09:30'),
    (40, 40, 6,  '2025-08-03', '14:00'),
    (41, 41, 7,  '2025-08-03', '06:00'),
    (42, 42, 8,  '2025-08-03', '14:00'),
    (43, 43, 1,  '2025-08-03', '06:00'),
    (44, 44, 2,  '2025-08-03', '17:00'),
    (45, 45, 9,  '2025-08-03', '08:00'),
    (46, 46, 10, '2025-08-03', '15:00'),
    (47, 47, 5,  '2025-08-04', '09:00'),
    (48, 48, 6,  '2025-08-04', '13:00'),
    (49, 49, 7,  '2025-08-04', '07:00'),
    (50, 50, 8,  '2025-08-04', '16:00');